País;Continente;Confederação;Slug;Competição;Nome completo;Nível;Fórmula;Organizador;2020;2021;2022;2023;2024;2025;;;;;;;;;;
Estados Unidos;América do Norte;Concacaf;mls;MLS;Major League Soccer;1;Pontos corridos;;;;;;;;;;;;;;;;;
Estados Unidos;América do Norte;Concacaf;usl;USL;United Soccer League;2;Pontos corridos;;;;;;;;;;;;;;;;;
Estados Unidos;América do Norte;Concacaf;open_cup;US Open Cup;Lamar Hunt US Open Cup;Copa;Eliminatório;;Cancelada;Cancelada;;;;;;;;;;;;;;
México;América do Norte;Concacaf;liga_mx;Liga MX;;1;Pontos corridos;;;;;;;;;;;;;;;;;
México;América do Norte;Concacaf;ascenso_mx;Ascenso MX;;2;Pontos corridos;;;;;;;;;;;;;;;;;
México;América do Norte;Concacaf;copa_mx;Copa MX;;Copa;Eliminatório;;;Cancelada;Cancelada;Cancelada;Cancelada;Cancelada;;;;;;;;;;
Argentina;América do Sul;Conmebol;primera_division_argentina;Primera División;;1;Apertura e clausura;;;;;;;;;;;;;;;;;
Argentina;América do Sul;Conmebol;primera_b_argentina;Primera B Nacional;;2;Apertura e clausura;;;;;;;;;;;;;;;;;
Argentina;América do Sul;Conmebol;copa_argentina;Copa Argentina;;Copa;Eliminatório;;;;;;;;;;;;;;;;;
Bolívia;América do Sul;Conmebol;lfpb;LFPB;;1;Pontos corridos;;;;;;;;;;;;;;;;;
Brasil;América do Sul;Conmebol;brasileiro;Campeonato Brasileiro;;1;Pontos corridos;;;;;;;;;;;;;;;;;
Brasil;América do Sul;Conmebol;serie_b_brasil;Série B;;2;Pontos corridos;;;;;;;;;;;;;;;;;
Brasil;América do Sul;Conmebol;serie_c_brasil;Série C;;3;Pontos corridos;;;;;;;;;;;;;;;;;
Brasil;América do Sul;Conmebol;serie_d_brasil;Série D;;4;Misto;;;;;;;;;;;;;;;;;
Brasil;América do Sul;Conmebol;copa_do_brasil;Copa do Brasil;;Copa;Eliminatório;;;;;;;;;;;;;;;;;
Chile;América do Sul;Conmebol;primera_division_chile;Primera División;;1;Apertura e clausura;;;;;;;;;;;;;;;;;
Chile;América do Sul;Conmebol;primera_b_chile;Primera B;;2;Apertura e clausura;;;;;;;;;;;;;;;;;
Chile;América do Sul;Conmebol;copa_chile;Copa Chile;;Copa;Eliminatório;;;;;;;;;;;;;;;;;
Colômbia;América do Sul;Conmebol;primera_a_colombia;Primera A;;1;Apertura e clausura;;;;;;;;;;;;;;;;;
Colômbia;América do Sul;Conmebol;primera_b_colombia;Primera B;;2;Apertura e clausura;;;;;;;;;;;;;;;;;
Colômbia;América do Sul;Conmebol;copa_colombia;Copa Colombia;;Copa;Eliminatório;;;;;;;;;;;;;;;;;
Equador;América do Sul;Conmebol;serie_a_ecuador;Serie A;;1;Apertura e clausura;;;;;;;;;;;;;;;;;
Equador;América do Sul;Conmebol;serie_b_ecuador;Serie B;;2;Apertura e clausura;;;;;;;;;;;;;;;;;
Equador;América do Sul;Conmebol;copa_ecuador;Copa Ecuador;;Copa;Eliminatório;;;;;;;;;;;;;;;;;
Paraguai;América do Sul;Conmebol;division_honor;División de Honor;;1;Apertura e clausura;;;;;;;;;;;;;;;;;
Paraguai;América do Sul;Conmebol;division_intermedia;División Intermedia;;2;Apertura e clausura;;;;;;;;;;;;;;;;;
Paraguai;América do Sul;Conmebol;copa_paraguay;Copa Paraguay;;Copa;Eliminatório;;;;;;;;;;;;;;;;;
Peru;América do Sul;Conmebol;primera_division_peru;Primera División;;1;Apertura e clausura;;;;;;;;;;;;;;;;;
Peru;América do Sul;Conmebol;segunda_division_peru;Segunda División;;2;Apertura e clausura;;;;;;;;;;;;;;;;;
Uruguai;América do Sul;Conmebol;primera_division_uruguay;Primera División;;1;Apertura e clausura;;;;;;;;;;;;;;;;;
Uruguai;América do Sul;Conmebol;segunda_division_uruguay;Segunda División;;2;Apertura e clausura;;;;;;;;;;;;;;;;;
Uruguai;América do Sul;Conmebol;copa_uruguay;Copa Uruguay;;Copa;Eliminatório;;;;;;;;;;;;;;;;;
Venezuela;América do Sul;Conmebol;primera_division_venezuela;Primera División;;1;Apertura e clausura;;;;;;;;;;;;;;;;;
Venezuela;América do Sul;Conmebol;segunda_division_venezuela;Segunda División;;2;Apertura e clausura;;;;;;;;;;;;;;;;;
Venezuela;América do Sul;Conmebol;copa_venezuela;Copa Venezuela;;Copa;Eliminatório;;;;;;;;;;;;;;;;;
Arábia Saudita;Ásia;AFC;pro_league_saudi_arabia;Pro League;;1;Pontos corridos;;;;;;;;;;;;;;;;;
Arábia Saudita;Ásia;AFC;first_division_saudi_arabia;First Division;;2;Pontos corridos;;;;;;;;;;;;;;;;;
Arábia Saudita;Ásia;AFC;kings_cup;King's Cup;;Copa;Eliminatório;;;;;;;;;;;;;;;;;
China;Ásia;AFC;csl;CSL;Chinese Super League;1;Pontos corridos;;;;;;;;;;;;;;;;;
China;Ásia;AFC;cl1;CL1;Chinese League One;2;Pontos corridos;;;;;;;;;;;;;;;;;
China;Ásia;AFC;chinese_fa_cup;Chinese FA Cup;;Copa;Eliminatório;;;;;;;;;;;;;;;;;
Coreia do Sul;Ásia;AFC;k1;K League 1;;1;Pontos corridos;;;;;;;;;;;;;;;;;
Coreia do Sul;Ásia;AFC;k2;K League 2;;2;Pontos corridos;;;;;;;;;;;;;;;;;
Coreia do Sul;Ásia;AFC;korean_fa_cup;Korean FA Cup;;Copa;Eliminatório;;;;;;;;;;;;;;;;;
Japão;Ásia;AFC;j1;J League 1;;1;Pontos corridos;;;;;;;;;;;;;;;;;
Japão;Ásia;AFC;j2;J League 2;;2;Pontos corridos;;;;;;;;;;;;;;;;;
Japão;Ásia;AFC;emperors_cup;Emperor's Cup;;Copa;Eliminatório;;;;;;;;;;;;;;;;;
Alemanha;Europa;Uefa;bundesliga_germany;Bundesliga;;1;Pontos corridos;;;;;;;;;;;;;;;;;
Alemanha;Europa;Uefa;2_bundesliga_germany;2. Bundesliga;;2;Pontos corridos;;;;;;;;;;;;;;;;;
Alemanha;Europa;Uefa;dfb_pokal;DFB Pokal;;Copa;Eliminatório;;;;;;;;;;;;;;;;;
Áustria;Europa;Uefa;bundesliga_austria;Bundesliga;;1;Pontos corridos;;;;;;;;;;;;;;;;;
Áustria;Europa;Uefa;2_liga_austria;2. Liga;;2;Pontos corridos;;;;;;;;;;;;;;;;;
Áustria;Europa;Uefa;ofb_cup;ÖFB Cup;;Copa;Eliminatório;;;;;;;;;;;;;;;;;
Bélgica;Europa;Uefa;pro_league_belgium;Pro League;;1;Pontos corridos;;;;;;;;;;;;;;;;;
Bélgica;Europa;Uefa;challenger_pro_league;Challenger Pro League;;2;Pontos corridos;;;;;;;;;;;;;;;;;
Bélgica;Europa;Uefa;belgian_cup;Belgian Cup;;Copa;Eliminatório;;;;;;;;;;;;;;;;;
Escócia;Europa;Uefa;scottish_premiership;Scottish Premiership;;1;Pontos corridos;;;;;;;;;;;;;;;;;
Escócia;Europa;Uefa;scottish_championship;Championship;;2;Pontos corridos;;;;;;;;;;;;;;;;;
Escócia;Europa;Uefa;scottish_cup;Scottish Cup;;Copa;Eliminatório;;;;;;;;;;;;;;;;;
Espanha;Europa;Uefa;laliga;LaLiga;;1;Pontos corridos;;;;;;;;;;;;;;;;;
Espanha;Europa;Uefa;laliga2;LaLiga 2;;2;Pontos corridos;;;;;;;;;;;;;;;;;
Espanha;Europa;Uefa;copa_del_rey;Copa del Rey;;Copa;Eliminatório;;;;;;;;;;;;;;;;;
França;Europa;Uefa;ligue1;Ligue 1;;1;Pontos corridos;;;;;;;;;;;;;;;;;
França;Europa;Uefa;ligue2;Ligue 2;;2;Pontos corridos;;;;;;;;;;;;;;;;;
França;Europa;Uefa;coupe_de_france;Coupe de France;;Copa;Eliminatório;;;;;;;;;;;;;;;;;
Grécia;Europa;Uefa;super_league;Super League;;1;Pontos corridos;;;;;;;;;;;;;;;;;
Grécia;Europa;Uefa;super_league_2;Super League 2;;2;Pontos corridos;;;;;;;;;;;;;;;;;
Grécia;Europa;Uefa;greek_cup;Greek Football Cup;;Copa;Eliminatório;;;;;;;;;;;;;;;;;
Holanda;Europa;Uefa;eredivisie;Eredivisie;;1;Pontos corridos;;;;;;;;;;;;;;;;;
Holanda;Europa;Uefa;eerste_divisie;Eerste Divisie;;2;Pontos corridos;;;;;;;;;;;;;;;;;
Holanda;Europa;Uefa;knvb_cup;KNVB Cup;;Copa;Eliminatório;;;;;;;;;;;;;;;;;
Inglaterra;Europa;Uefa;premier_league_england;Premier League;;1;Pontos corridos;;;;;;;;;;;;;;;;;
Inglaterra;Europa;Uefa;championship_england;Championship;;2;Pontos corridos;;;;;;;;;;;;;;;;;
Inglaterra;Europa;Uefa;league_one_england;League One;;3;Pontos corridos;;;;;;;;;;;;;;;;;
Inglaterra;Europa;Uefa;league_two_england;League Two;;4;Pontos corridos;;;;;;;;;;;;;;;;;
Inglaterra;Europa;Uefa;fa_cup;FA Cup;;Copa;Eliminatório;;;;;;;;;;;;;;;;;
Itália;Europa;Uefa;serie_a_italy;Serie A;;1;Pontos corridos;;;;;;;;;;;;;;;;;
Itália;Europa;Uefa;serie_b_italy;Serie B;;2;Pontos corridos;;;;;;;;;;;;;;;;;
Itália;Europa;Uefa;coppa_italia;Coppa Italia;;Copa;Eliminatório;;;;;;;;;;;;;;;;;
Portugal;Europa;Uefa;liga_portugal;Liga Portugal;;1;Pontos corridos;;;;;;;;;;;;;;;;;
Portugal;Europa;Uefa;liga_portugal2;Liga Portugal 2;;2;Pontos corridos;;;;;;;;;;;;;;;;;
Portugal;Europa;Uefa;taca_de_portugal;Taça de Portugal;;Copa;Eliminatório;;;;;;;;;;;;;;;;;
Rússia;Europa;Uefa;russian_premier_league;Premier League;;1;Pontos corridos;;;;;;;;;;;;;;;;;
Rússia;Europa;Uefa;fnl;FNL;;2;Pontos corridos;;;;;;;;;;;;;;;;;
Rússia;Europa;Uefa;russian_cup;Russian Cup;;Copa;Eliminatório;;;;;;;;;;;;;;;;;
Suíça;Europa;Uefa;super_league_swiss;Super League;;1;Pontos corridos;;;;;;;;;;;;;;;;;
Suíça;Europa;Uefa;challenge_league_swiss;Challenge League;;2;Pontos corridos;;;;;;;;;;;;;;;;;
Suíça;Europa;Uefa;swiss_cup;Swiss Cup;;Copa;Eliminatório;;;;;;;;;;;;;;;;;
Turquia;Europa;Uefa;super_lig;Süper Lig;;1;Pontos corridos;;;;;;;;;;;;;;;;;
Turquia;Europa;Uefa;tff1_lig;TFF 1. Lig;;2;Pontos corridos;;;;;;;;;;;;;;;;;
Turquia;Europa;Uefa;turkish_cup;Turkish Cup;;Copa;Eliminatório;;;;;;;;;;;;;;;;;
;;;;;;;;;;;;;;;;;;;;;;;;
;;;;;;;;;;;;;;;;;;;;;;;;
;;;;;;;;;;;;;;;;;;;;;;;;
;;;;;;;;;;;;;;;;;;;;;;;;
;;;;;;;;;;;;;;;;;;;;;;;;
;;;;;;;;;;;;;;;;;;;;;;;;
;;;;;;;;;;;;;;;;;;;;;;;;
;;;;;;;;;;;;;;;;;;;;;;;;
;;;;;;;;;;;;;;;;;;;;;;;;
;;;;;;;;;;;;;;;;;;;;;;;;
;;;;;;;;;;;;;;;;;;;;;;;;
;;;;;;;;;;;;;;;;;;;;;;;;
;;;;;;;;;;;;;;;;;;;;;;;;
;;;;;;;;;;;;;;;;;;;;;;;;
;;;;;;;;;;;;;;;;;;;;;;;;
;;;;;;;;;;;;;;;;;;;;;;;;
;;;;;;;;;;;;;;;;;;;;;;;;
;;;;;;;;;;;;;;;;;;;;;;;;
;;;;;;;;;;;;;;;;;;;;;;;;
;;;;;;;;;;;;;;;;;;;;;;;;
;;;;;;;;;;;;;;;;;;;;;;;;
;;;;;;;;;;;;;;;;;;;;;;;;
;;;;;;;;;;;;;;;;;;;;;;;;
;;;;;;;;;;;;;;;;;;;;;;;;
;;;;;;;;;;;;;;;;;;;;;;;;
;;;;;;;;;;;;;;;;;;;;;;;;
;;;;;;;;;;;;;;;;;;;;;;;;
;;;;;;;;;;;;;;;;;;;;;;;;
;;;;;;;;;;;;;;;;;;;;;;;;
;;;;;;;;;;;;;;;;;;;;;;;;
;;;;;;;;;;;;;;;;;;;;;;;;
;;;;;;;;;;;;;;;;;;;;;;;;
;;;;;;;;;;;;;;;;;;;;;;;;
;;;;;;;;;;;;;;;;;;;;;;;;
;;;;;;;;;;;;;;;;;;;;;;;;
;;;;;;;;;;;;;;;;;;;;;;;;
;;;;;;;;;;;;;;;;;;;;;;;;
;;;;;;;;;;;;;;;;;;;;;;;;
;;;;;;;;;;;;;;;;;;;;;;;;
;;;;;;;;;;;;;;;;;;;;;;;;
;;;;;;;;;;;;;;;;;;;;;;;;
;;;;;;;;;;;;;;;;;;;;;;;;
;;;;;;;;;;;;;;;;;;;;;;;;
;;;;;;;;;;;;;;;;;;;;;;;;
;;;;;;;;;;;;;;;;;;;;;;;;
;;;;;;;;;;;;;;;;;;;;;;;;
;;;;;;;;;;;;;;;;;;;;;;;;
;;;;;;;;;;;;;;;;;;;;;;;;
;;;;;;;;;;;;;;;;;;;;;;;;
;;;;;;;;;;;;;;;;;;;;;;;;
;;;;;;;;;;;;;;;;;;;;;;;;
;;;;;;;;;;;;;;;;;;;;;;;;
;;;;;;;;;;;;;;;;;;;;;;;;
;;;;;;;;;;;;;;;;;;;;;;;;
;;;;;;;;;;;;;;;;;;;;;;;;
;;;;;;;;;;;;;;;;;;;;;;;;
;;;;;;;;;;;;;;;;;;;;;;;;
;;;;;;;;;;;;;;;;;;;;;;;;
;;;;;;;;;;;;;;;;;;;;;;;;
;;;;;;;;;;;;;;;;;;;;;;;;
;;;;;;;;;;;;;;;;;;;;;;;;
;;;;;;;;;;;;;;;;;;;;;;;;
;;;;;;;;;;;;;;;;;;;;;;;;
;;;;;;;;;;;;;;;;;;;;;;;;
;;;;;;;;;;;;;;;;;;;;;;;;
;;;;;;;;;;;;;;;;;;;;;;;;
;;;;;;;;;;;;;;;;;;;;;;;;
;;;;;;;;;;;;;;;;;;;;;;;;
;;;;;;;;;;;;;;;;;;;;;;;;
;;;;;;;;;;;;;;;;;;;;;;;;
;;;;;;;;;;;;;;;;;;;;;;;;
;;;;;;;;;;;;;;;;;;;;;;;;
;;;;;;;;;;;;;;;;;;;;;;;;
;;;;;;;;;;;;;;;;;;;;;;;;
;;;;;;;;;;;;;;;;;;;;;;;;
;;;;;;;;;;;;;;;;;;;;;;;;
;;;;;;;;;;;;;;;;;;;;;;;;
;;;;;;;;;;;;;;;;;;;;;;;;
;;;;;;;;;;;;;;;;;;;;;;;;
;;;;;;;;;;;;;;;;;;;;;;;;
;;;;;;;;;;;;;;;;;;;;;;;;
;;;;;;;;;;;;;;;;;;;;;;;;
;;;;;;;;;;;;;;;;;;;;;;;;
;;;;;;;;;;;;;;;;;;;;;;;;
;;;;;;;;;;;;;;;;;;;;;;;;
;;;;;;;;;;;;;;;;;;;;;;;;
;;;;;;;;;;;;;;;;;;;;;;;;
;;;;;;;;;;;;;;;;;;;;;;;;
;;;;;;;;;;;;;;;;;;;;;;;;
;;;;;;;;;;;;;;;;;;;;;;;;
;;;;;;;;;;;;;;;;;;;;;;;;
;;;;;;;;;;;;;;;;;;;;;;;;
;;;;;;;;;;;;;;;;;;;;;;;;
;;;;;;;;;;;;;;;;;;;;;;;;
;;;;;;;;;;;;;;;;;;;;;;;;
;;;;;;;;;;;;;;;;;;;;;;;;
;;;;;;;;;;;;;;;;;;;;;;;;
;;;;;;;;;;;;;;;;;;;;;;;;
;;;;;;;;;;;;;;;;;;;;;;;;
;;;;;;;;;;;;;;;;;;;;;;;;
;;;;;;;;;;;;;;;;;;;;;;;;
;;;;;;;;;;;;;;;;;;;;;;;;
;;;;;;;;;;;;;;;;;;;;;;;;
;;;;;;;;;;;;;;;;;;;;;;;;
;;;;;;;;;;;;;;;;;;;;;;;;
;;;;;;;;;;;;;;;;;;;;;;;;
;;;;;;;;;;;;;;;;;;;;;;;;
;;;;;;;;;;;;;;;;;;;;;;;;
;;;;;;;;;;;;;;;;;;;;;;;;
;;;;;;;;;;;;;;;;;;;;;;;;
;;;;;;;;;;;;;;;;;;;;;;;;
;;;;;;;;;;;;;;;;;;;;;;;;
;;;;;;;;;;;;;;;;;;;;;;;;
;;;;;;;;;;;;;;;;;;;;;;;;
;;;;;;;;;;;;;;;;;;;;;;;;
;;;;;;;;;;;;;;;;;;;;;;;;
;;;;;;;;;;;;;;;;;;;;;;;;
;;;;;;;;;;;;;;;;;;;;;;;;
;;;;;;;;;;;;;;;;;;;;;;;;
;;;;;;;;;;;;;;;;;;;;;;;;
;;;;;;;;;;;;;;;;;;;;;;;;
;;;;;;;;;;;;;;;;;;;;;;;;
;;;;;;;;;;;;;;;;;;;;;;;;
;;;;;;;;;;;;;;;;;;;;;;;;
;;;;;;;;;;;;;;;;;;;;;;;;
;;;;;;;;;;;;;;;;;;;;;;;;
;;;;;;;;;;;;;;;;;;;;;;;;
;;;;;;;;;;;;;;;;;;;;;;;;
;;;;;;;;;;;;;;;;;;;;;;;;
;;;;;;;;;;;;;;;;;;;;;;;;
;;;;;;;;;;;;;;;;;;;;;;;;
;;;;;;;;;;;;;;;;;;;;;;;;
;;;;;;;;;;;;;;;;;;;;;;;;
;;;;;;;;;;;;;;;;;;;;;;;;
;;;;;;;;;;;;;;;;;;;;;;;;
;;;;;;;;;;;;;;;;;;;;;;;;
;;;;;;;;;;;;;;;;;;;;;;;;
;;;;;;;;;;;;;;;;;;;;;;;;
;;;;;;;;;;;;;;;;;;;;;;;;
;;;;;;;;;;;;;;;;;;;;;;;;
;;;;;;;;;;;;;;;;;;;;;;;;
;;;;;;;;;;;;;;;;;;;;;;;;
;;;;;;;;;;;;;;;;;;;;;;;;
;;;;;;;;;;;;;;;;;;;;;;;;
;;;;;;;;;;;;;;;;;;;;;;;;
;;;;;;;;;;;;;;;;;;;;;;;;
;;;;;;;;;;;;;;;;;;;;;;;;
